rule_id,zone_id,identifier,airspace_type,airspace_name,composition_op,upper_limit,upper_unit,lower_limit,lower_unit,airspace_class,altitude_interpretation,match_method
1,1,D6,D,RK D6 YEONGDONG,BASE,3000,FT,GND,,,,identifier_in_text
2,2,DAEGU,CTA,DAEGU SECTOR,BASE,600,FL,1000,FT,,,identifier_in_text
3,3,A2,A,RK A2 ASAN,BASE,5000,FT,GND,,,,identifier_in_text
4,4,GIMPO CTR,CTR,GIMPO CTR,,3000,FT,FLOOR,,,,zone_name_partial
5,5,A8,A,RK A8 IEODO,BASE,140,FL,GND,,,,identifier_in_text
6,6,D7,D,RK D7 HANBIT,BASE,10000,FT,GND,,,,identifier_in_text
7,7,D1,D,RK D1 GORI,BASE,10000,FT,GND,,,,identifier_in_text
8,8,,,,,,,,,,,unmatched
9,9,JEONGSEOK,CTR,JEONGSEOK CTR,,3000,FT,1174.2848,FT,,,identifier_in_text
10,10,D18,D,RK D18 HAKSAN,BASE,3000,FT,GND,,,,identifier_in_text
11,11,D33,D,RK D33 YEONJE,BASE,1500,FT,GND,,,,identifier_in_text
12,12,POHANG,CTA,POHANG SECTOR,BASE,600,FL,1000,FT,A,ABOVE_LOWER,identifier_in_text
13,13,A9B,A,RK A9B IEODO,BASE,3000,FT,GND,,,,identifier_in_text
14,14,D6,D,RK D6 YEONGDONG,BASE,3000,FT,GND,,,,identifier_in_text
15,15,A8,A,RK A8 IEODO,BASE,140,FL,GND,,,,identifier_in_text
16,16,D8,D,RK D8 HANUL,BASE,8000,FT,GND,,,,identifier_in_text
17,17,D8,D,RK D8 HANUL,BASE,8000,FT,GND,,,,identifier_in_text
18,18,D19,D,RK D19 JUDEOK,BASE,1000,FT,GND,,,,identifier_in_text
19,19,D9,D,RK D9 YEONGCHEON,BASE,3000,FT,GND,,,,identifier_in_text
20,20,A8,A,RK A8 IEODO,BASE,140,FL,GND,,,,identifier_in_text
21,21,DAEGU,CTA,DAEGU SECTOR,BASE,600,FL,1000,FT,,,identifier_in_text
22,22,DAEGU,CTA,DAEGU SECTOR,BASE,600,FL,1000,FT,,,identifier_in_text
23,23,DAEGU,CTA,DAEGU SECTOR,BASE,600,FL,1000,FT,,,identifier_in_text
24,24,T 24,TMA,T 24,BASE,225,FL,1 000,FT,C,,identifier_in_text
25,25,T 25,TMA,T 25,BASE,145,FL,1 000,FT,D,,identifier_in_text
26,26,T 26,TMA,T 26,BASE,225,FL,1000,FT,,,identifier_in_text
27,27,T 28,TMA,T 28,BASE,145,FL,1 000,FT,C,,identifier_in_text
28,28,T 27,TMA,T 27,BASE,225,FL,1 000,FT,C,,identifier_in_text
29,29,T 29,TMA,T 29,BASE,225,FL,1 000,FT,C,,identifier_in_text
30,30,D34,D,RK D34 SUYEONG,BASE,1600,FT,GND,,,,identifier_in_text
31,31,T 38,TMA,T 38,BASE,11 500,FT,1 000,FT,C,,identifier_in_text
32,32,T 37,TMA,T 37,BASE,145,FL,1 000,FT,C,,identifier_in_text
33,33,T 39,TMA,T 39,BASE,4 500,FT,1 000,FT,E,,identifier_in_text
34,34,T 14,TMA,T 14,BASE,11 500,FT,4 500,FT,E,,identifier_in_text
35,35,T 23,TMA,T 23,BASE,165,FL,1 000,FT,B,,identifier_in_text
36,36,T 43,TMA,T 43,BASE,165,FL,6 000,FT,E,,identifier_in_text
37,37,D34,D,RK D34 SUYEONG,BASE,1600,FT,GND,,,,identifier_in_text
38,38,D15,D,RK D15 JEONUI,BASE,3000,FT,GND,,,,identifier_in_text
39,39,D37,D,RK D37 MOONTEN,BASE,1600,FT,GND,,,,identifier_in_text
40,40,T 20,TMA,T 20,BASE,145,FL,5 500,FT,,,identifier_in_text
41,41,T 17,TMA,T 17,BASE,145,FL,6 500,FT,D,,identifier_in_text
42,42,T 21,TMA,T 21,BASE,3500,FT,1 000,FT,,,identifier_in_text
43,43,T 03,TMA,T 03,BASE,185,FL,4 500,FT,B,,identifier_in_text
44,44,D29,D,RK D29 MULLAE,BASE,1600,FT,GND,,,,identifier_in_text
45,45,T 13,TMA,T 13,BASE,9 500,FT,4 500,FT,,,identifier_in_text
46,46,D28,D,RK D28 SINDORIM,BASE,1700,FT,GND,,,,identifier_in_text
47,47,T 11,TMA,T 11,BASE,6 500,FT,1 000,FT,,,identifier_in_text
48,48,T 12,TMA,T 12,BASE,6 500,FT,4 500,FT,,,identifier_in_text
49,49,T 14,TMA,T 14,BASE,11 500,FT,4 500,FT,E,,identifier_in_text
50,50,T 06,TMA,T 06,BASE,185,FL,9 500,FT,D,,identifier_in_text
51,51,T 05,TMA,T 05,BASE,185,FL,7 500,FT,D,,identifier_in_text
52,52,T 15,TMA,T 15,BASE,11 500,FT,1 000,FT,D,,identifier_in_text
53,53,POHANG,CTA,POHANG SECTOR,BASE,600,FL,1000,FT,A,ABOVE_LOWER,identifier_in_text
54,54,POHANG,CTA,POHANG SECTOR,BASE,600,FL,1000,FT,A,ABOVE_LOWER,identifier_in_text
55,55,POHANG,CTA,POHANG SECTOR,BASE,600,FL,1000,FT,A,ABOVE_LOWER,identifier_in_text
56,56,POHANG,CTA,POHANG SECTOR,BASE,600,FL,1000,FT,A,ABOVE_LOWER,identifier_in_text
57,57,T 30,TMA,T 30,BASE,13 500,FT,1 000,FT,E,,identifier_in_text
58,58,T 31,TMA,T 31,BASE,195,FL,1 000,FT,C,,identifier_in_text
59,59,T 02,TMA,T 02,BASE,175,FL,1 000,FT,C,,identifier_in_text
60,60,T 09,TMA,T 09,BASE,185,FL,145,FL,D,,identifier_in_text
61,61,D13,D,RK D13 SEONGHWAN,BASE,3000,FT,GND,,,,identifier_in_text
62,62,T 05,TMA,T 05,BASE,185,FL,7 500,FT,D,,identifier_in_text
63,63,T 03,TMA,T 03,BASE,185,FL,4 500,FT,B,,identifier_in_text
64,64,T 01,TMA,T 01,BASE,185,FL,1 000,FT,B,,identifier_in_text
65,65,T 06,TMA,T 06,BASE,185,FL,9 500,FT,D,,identifier_in_text
66,66,T 08,TMA,T 08,BASE,185,FL,11 500,FT,D,,identifier_in_text
67,67,T 07,TMA,T 07,BASE,185,FL,11 500,FT,D,,identifier_in_text
68,68,D5,D,RK D5 WANJU,BASE,3000,FT,GND,,,,identifier_in_text
69,69,T 40,TMA,T 40,BASE,175,FL,3 600,FT,E,,identifier_in_text
70,70,T 41,TMA,T 41,BASE,175,FL,1 000,FT,C,,identifier_in_text
71,71,T 02,TMA,T 02,BASE,175,FL,1 000,FT,C,,identifier_in_text
72,72,T 42,TMA,T 42,BASE,225,FL,9 500,FT,,,identifier_in_text
73,73,T 36,TMA,T 36,BASE,225,FL,1 000,FT,,,identifier_in_text
74,74,T 22,TMA,T 22,BASE,175,FL,9 500,FT,,,identifier_in_text
75,75,T 20,TMA,T 20,BASE,145,FL,5 500,FT,,,identifier_in_text
76,76,DAEGU,CTA,DAEGU SECTOR,BASE,600,FL,1000,FT,,,identifier_in_text
77,77,EAST SEA L,CTA,EAST SEA LOW SECTOR,BASE,295,FL,1000,FT,A,ABOVE_LOWER,identifier_in_text
78,78,GUNSAN H,CTA,GUNSAN HIGH SECTOR,BASE,600,FL,255,FL,A,ABOVE_LOWER,identifier_in_text
79,79,GUNSAN L,CTA,GUNSAN LOW SECTOR,BASE,255,FL,1000,FT,A,ABOVE_LOWER,identifier_in_text
80,80,GWANGJU H,CTA,GWANGJU HIGH SECTOR,BASE,600,FL,255,FL,A,ABOVE_LOWER,identifier_in_text
81,81,GWANGJU L,CTA,GWANGJU LOW SECTOR,BASE,255,FL,1000,FT,A,ABOVE_LOWER,identifier_in_text
82,82,JJ NORTH,CTA,JEJU NORTH SECTOR,BASE,600,FL,1000,FT,A,ABOVE_LOWER,zone_name_exact
83,83,JJ SOUTH H,CTA,JEJU SOUTH HIGH SECTOR,BASE,600,FL,335,FL,A,ABOVE_LOWER,zone_name_exact
84,84,A8,A,RK A8 IEODO,BASE,140,FL,GND,,,,identifier_in_text
85,85,POHANG,CTA,POHANG SECTOR,BASE,600,FL,1000,FT,A,ABOVE_LOWER,identifier_in_text
86,86,SOUTH SEA,CTA,SOUTH SEA SECTOR,BASE,600,FL,1000,FT,A,ABOVE_LOWER,identifier_in_text
87,87,WEST SEA H,CTA,WEST SEA HIGH SECTOR,BASE,600,FL,295,FL,A,ABOVE_LOWER,identifier_in_text
88,88,WEST SEA L,CTA,WEST SEA LOW SECTOR,BASE,600,FL,295,FL,A,ABOVE_LOWER,identifier_in_text
89,89,A8,A,RK A8 IEODO,BASE,140,FL,GND,,,,identifier_in_text
90,90,CHUNCHEON,ATZ,CHUNCHEON ATZ,BASE,1 500,FT,FLOOR,,D,ABOVE_LOWER,identifier_in_text
91,91,DEOKSO,ATZ,DEOKSO ATZ,BASE,1 000,FT,FLOOR,,D,ABOVE_LOWER,identifier_in_text
92,92,GAPYEONG,ATZ,GAPYEONG ATZ,BASE,1 500,FT,FLOOR,,D,ABOVE_LOWER,identifier_in_text
93,93,GEUMWANG,ATZ,GEUMWANG ATZ,BASE,1 500,FT,FLOOR,,D,ABOVE_LOWER,identifier_in_text
94,94,HONGCHEON,ATZ,HONGCHEON ATZ,BASE,1 500,FT,FLOOR,,D,ABOVE_LOWER,identifier_in_text
95,95,HYEONRI,ATZ,HYEONRI ATZ,BASE,1 500,FT,FLOOR,,D,ABOVE_LOWER,identifier_in_text
96,96,JEONJU,ATZ,JEONJU ATZ,BASE,1 500,FT,FLOOR,,D,ABOVE_LOWER,identifier_in_text
97,97,JOCHIWON,ATZ,JOCHIWON ATZ,BASE,1 500,FT,FLOOR,,D,ABOVE_LOWER,identifier_in_text
98,98,POSEUNG,ATZ,POSEUNG ATZ,BASE,1 000,FT,FLOOR,,D,ABOVE_LOWER,identifier_in_text
99,99,TAEAN,ATZ,TAEAN ATZ,BASE,1500,FT,FLOOR,,D,ABOVE_LOWER,identifier_in_text
100,100,TAEAN,ATZ,TAEAN ATZ,BASE,1500,FT,FLOOR,,D,ABOVE_LOWER,identifier_in_text
101,101,YANGPYEONG,ATZ,YANGPYEONG ATZ,BASE,1 500,FT,FLOOR,,D,ABOVE_LOWER,identifier_in_text
102,102,YONGIN,ATZ,YONGIN ATZ,BASE,1 500,FT,FLOOR,,D,ABOVE_LOWER,identifier_in_text
103,103,YOUNGCHEON,ATZ,YOUNGCHEON ATZ,BASE,1 500,FT,FLOOR,,D,ABOVE_LOWER,identifier_in_text
104,104,YOUNGCHEON,ATZ,YOUNGCHEON ATZ,BASE,1 500,FT,FLOOR,,D,ABOVE_LOWER,identifier_in_text
105,105,P518,P,RK P518,BASE,UNL,,GND,,,,zone_code_exact
106,106,P518E,P,PK P518E,BASE,UNL,,GND,,,,identifier_in_text
107,107,P518W,P,RK P518W,BASE,UNL,,GND,,,,identifier_in_text
108,108,D6,D,RK D6 YEONGDONG,BASE,3000,FT,GND,,,,identifier_in_text
109,109,R1,R,RK R1 YONGMUN,BASE,6000,FT,GND,,,,zone_code_exact
110,110,R10,R,RK R10 MAEBONG,BASE,5000,FT,GND,,,,zone_code_exact
111,111,R100,R,RK R100 NAMHYONGJEDO,BASE,500,FT,GND,,,,zone_code_exact
112,112,R104,R,RK R104 MIYEODO,BASE,150,FL,GND,,,,zone_code_exact
113,113,R105,R,RK R105 JIKDO,BASE,400,FL,GND,,,,zone_code_exact
114,114,R107,R,RK R107 DONG-HAE-BUK-BU,BASE,400,FL,GND,,,,zone_code_exact
115,115,R108A,R,RK R108A ANHEUNG-A,BASE,270,FL,GND,,,,identifier_in_text
116,116,R108B,R,RK R108B ANHEUNG-B,BASE,330,FL,GND,,,,identifier_in_text
117,117,R108C,R,RK R108C ANHEUNG-C,BASE,UNL,,GND,,,,identifier_in_text
118,118,R108D,R,RK R108D ANHEUNG-D,BASE,UNL,,GND,,,,identifier_in_text
119,119,R108E,R,RK R108E ANHEUNG-E,BASE,400,FL,GND,,,,identifier_in_text
120,120,R108F,R,RK R108F ANHEUNG-F,BASE,800,FL,GND,,,,identifier_in_text
121,121,R110,R,RK R110 PILSEUNG,BASE,400,FL,GND,,,,zone_code_exact
122,122,R111,R,RK R111 UNGCHON,BASE,250,FL,GND,,,,zone_code_exact
123,123,R114,R,RK R114 BISEUNG,BASE,3000,FT,GND,,,,zone_code_exact
124,124,R115,R,RK R115 DONGHAE,BASE,380,FL,GND,,,,zone_code_exact
125,125,R116,R,RK R116 DAECHONGDO,BASE,2500,FT,GND,,,,zone_code_exact
126,126,R117,R,RK R117 JAEUNDO,BASE,3000,FT,GND,,,,zone_code_exact
127,127,R118,R,RK R118 JEJU,BASE,2500,FT,GND,,,,zone_code_exact
128,128,R119,R,RK R119 ULSAN,BASE,2500,FT,GND,,,,zone_code_exact
129,129,R120,R,RK R120 DONG-HAE-DONG-BU,BASE,380,FL,GND,,,,zone_code_exact
130,130,R121,R,RK R121 SOKCHO,BASE,2500,FT,GND,,,,zone_code_exact
131,131,R122,R,RK R122 CHEONDUKBONG,BASE,3700,FT,GND,,,,zone_code_exact
132,132,R123,R,RK R123 EOCHUNGDO,BASE,3700,FT,GND,,,,zone_code_exact
133,133,R124,R,RK R124 DEOKJUKDO,BASE,2500,FT,GND,,,,zone_code_exact
134,134,R125,R,RK R125 HEUKSANDO,BASE,3500,FT,GND,,,,zone_code_exact
135,135,R126,R,RK R126 CHUJADO,BASE,3000,FT,GND,,,,zone_code_exact
136,136,R127,R,RK R127 BEOLGYO,BASE,3000,FT,GND,,,,zone_code_exact
137,137,R128,R,RK R128 SEOGUIPO,BASE,7000,FT,GND,,,,zone_code_exact
138,138,R129,R,RK R129 SURYUNSAN,BASE,3500,FT,GND,,,,zone_code_exact
139,139,R131,R,RK R131 BAENGNYEONG,BASE,5000,FT,GND,,,,zone_code_exact
140,140,R132,R,RK R132 DAECHONGDO EAST,BASE,10000,FT,GND,,,,zone_code_exact
141,141,R133,R,RK R133 CHOCHIDO,BASE,500,FT,GND,,,,zone_code_exact
142,142,R134,R,RK R134 YEONPYONGDO,BASE,5000,FT,GND,,,,zone_code_exact
143,143,R135,R,RK R135 GISAMUN,BASE,500,FT,GND,,,,zone_code_exact
144,144,R136,R,RK R136 SAMCHEOK,BASE,500,FT,GND,,,,zone_code_exact
145,145,R137,R,RK R137 WOODO,BASE,5000,FT,GND,,,,zone_code_exact
146,146,R138,R,RK R138 DAECHEON,BASE,4400,FT,SFC,,,,zone_code_exact
147,147,R139,R,RK R139 JINCHEON,BASE,5400,FT,GND,,,,zone_code_exact
148,148,R14,R,RK R14 PYEONGDONG,BASE,By NOTAM,,By NOTAM,,,,zone_code_exact
149,149,R140,R,RK R140 SOKCHO KCG,BASE,300,FT,SFC,,,,zone_code_exact
150,150,R141,R,RK R141 DONGHAE KCG,BASE,300,FT,GND,,,,zone_code_exact
151,151,POHANG,CTA,POHANG SECTOR,BASE,600,FL,1000,FT,A,ABOVE_LOWER,identifier_in_text
152,152,POHANG,CTA,POHANG SECTOR,BASE,600,FL,1000,FT,A,ABOVE_LOWER,identifier_in_text
153,153,POHANG,CTA,POHANG SECTOR,BASE,600,FL,1000,FT,A,ABOVE_LOWER,identifier_in_text
154,154,R143,R,RK R143 BUSAN KCG,BASE,300,FT,GND,,,,zone_code_exact
155,155,R144,R,RK R144 TONGYEONG KCG,BASE,300,FT,SFC,,,,zone_code_exact
156,156,R145,R,RK R145 YEOSU KCG,BASE,300,FT,SFC,,,,zone_code_exact
157,157,R146,R,RK R146 WANDO KCG,BASE,300,FT,SFC,,,,zone_code_exact
158,158,R147,R,RK R147 SEOGWIPO KCG,BASE,300,FT,SFC,,,,zone_code_exact
159,159,R148A,R,RK R148A MOKPO KCG A,BASE,300,FT,SFC,,,,identifier_in_text
160,160,R148B,R,RK R148B MOKPO KCG B,BASE,300,FT,SFC,,,,identifier_in_text
161,161,R149,R,RK R149 JEJU KCG,BASE,300,FT,SFC,,,,zone_code_exact
162,162,R150,R,RK R150 SEOGWIPO KCG BUK-BU,BASE,300,FT,,,,,zone_code_exact
163,163,R151A,R,RK R151A GUNSAN,BASE,100,FT,,,,,identifier_in_text
164,164,R152,R,RK R152 GEOSAN,BASE,2100,FT,SFC,,,,zone_code_exact
165,165,R153,R,RK R153 DAECHONGDO SEOBU,BASE,3000,FT,,,,,zone_code_exact
166,166,R154,R,RK R154 YEONPYONGDO NAMBU,BASE,3000,FT,,,,,zone_code_exact
167,167,R155A,R,RK R155A SEONGJU,BASE,9500,FT,SFC,,,,identifier_in_text
168,168,R155B,R,RK R155B SEONGJU,BASE,196,FL,SFC,,,,identifier_in_text
169,169,R156,R,RK R156 JUMUNJIN,BASE,3500,FT,,,,,zone_code_exact
170,170,R157,R,RK R157 JANGSAN,,6000,FT,,,,,zone_code_exact
171,171,R158,R,RK R158 JONJAE,,6400,FT,,,,,zone_code_exact
172,172,R17,R,RK R17 YEOJU,BASE,150,FL,GND,,,,zone_code_exact
173,173,R19,R,RK R19 JOCHIWON,BASE,3400,FT,GND,,,,zone_code_exact
174,174,R20,R,RK R20 BOEUN,BASE,5000,FT,GND,,,,zone_code_exact
175,175,R21,R,RK R21 EONYANG,BASE,5000,FT,GND,,,,zone_code_exact
176,176,R35,R,RK R35 MAESANRI,BASE,2500,FT,GND,,,,zone_code_exact
177,177,R72,R,RK R72 YOKJIDO,BASE,UNL,,GND,,,,zone_code_exact
178,178,R74,R,RK R74 DONG-HAE-NAM-BU,BASE,500,FL,GND,,,,zone_code_exact
179,179,R75,R,RK R75,BASE,10000,FT,GND,,,,zone_code_exact
180,180,R77,R,RK R77 MACHAJIN,BASE,150,FL,GND,,,,zone_code_exact
181,181,R80,R,RK R80 SEO-HAE-JUNG-BU,BASE,500,FL,GND,,,,zone_code_exact
182,182,R81,R,RK R81 NAKDONG,BASE,220,FL,GND,,,,zone_code_exact
183,183,R84,R,RK R84 SEO-HAE-NAM-BU,BASE,500,FL,GND,,,,zone_code_exact
184,184,R88,R,RK R88 SEO-HAE-BUK-BU,BASE,500,FL,GND,,,,zone_code_exact
185,185,R89,R,RK R89 OCHON,BASE,1000,FT,GND,,,,zone_code_exact
186,186,R90A,R,RK R90A SUSONG-A,BASE,2000,FT,GND,,,,identifier_in_text
187,187,R90B,R,RK R90B SUSONG-B,BASE,5500,FT,GND,,,,identifier_in_text
188,188,R97A,R,RK R97A CHEOLMAE-A,BASE,300,FL,GND,,,,identifier_in_text
189,189,R97B,R,RK R97B CHEOLMAE-B,BASE,UNL,,GND,,,,identifier_in_text
190,190,R97C,R,RK R97C CHEOLMAE-C,BASE,UNL,,GND,,,,identifier_in_text
191,191,R97D,R,RK R97D CHEOLMAE-D,BASE,UNL,,GND,,,,identifier_in_text
192,192,R97E,R,RK R97E CHEOLMAE-E,BASE,300,FL,SFC,,,,identifier_in_text
193,193,R97F,R,RK R97F CHEOLMAE-F,BASE,150,FL,,,,,identifier_in_text
194,194,R99,R,RK R99 GEOJEDO,BASE,360,FL,GND,,,,zone_code_exact
195,195,UA 2,UFA,GUSEONGSAN,BASE,500,FT,GND,,,,identifier_in_text
196,196,UA 4,UFA,BONGHWASAN,BASE,500,FT,GND,,,,identifier_in_text
197,197,UA 5,UFA,DEOKDUSAN,BASE,500,FT,GND,,,,identifier_in_text
198,198,UA 6,UFA,GUMSAN,BASE,500,FT,GND,,,,identifier_in_text
199,199,YANGPYEONG,ATZ,YANGPYEONG ATZ,BASE,1 500,FT,FLOOR,,D,ABOVE_LOWER,identifier_in_text
200,200,UA 10,UFA,GOCHANG,BASE,500,FT,GND,,,,identifier_in_text
201,201,UA 14,UFA,GONGJU,BASE,500,FT,,,,,identifier_in_text
202,202,UA 19,UFA,SIHWA,BASE,500,FT,GND,,,,identifier_in_text
203,203,UA 21,UFA,BANG JANG SAN,BASE,500,FT,GND,,,,identifier_in_text
204,204,UA 24,UFA,GUJOA,BASE,500,FT,GND,,,,identifier_in_text
205,205,UA 25,UFA,HADONG,BASE,500,FT,GND,,,,identifier_in_text
206,206,UA 26,UFA,JANG AM SAN,BASE,500,FT,GND,,,,identifier_in_text
207,207,UA 28,UFA,SEOUNSAN,BASE,500,FT,0,FT,,,identifier_in_text
208,208,UA 29,UFA,OCHON,BASE,500,FT,0,FT,,,identifier_in_text
209,209,UA 30,UFA,BUKJWA,BASE,500,FT,0,FT,,,identifier_in_text
210,210,UA 31,UFA,CHEONGNA,BASE,500,FT,0,FT,,,identifier_in_text
211,211,UA 32,UFA,TOECHON,BASE,500,FT,GND,,,,identifier_in_text
212,212,UA 33,UFA,BYEONCHEON-CHEON,BASE,500,FT,GND,,,,identifier_in_text
213,213,UA 34,UFA,MIHO-CHEON,BASE,500,FT,GND,,,,identifier_in_text
214,214,UA 35,UFA,GIMHAE,BASE,500,FT,GND,,,,identifier_in_text
215,215,UA 36,UFA,MIRYANG,BASE,500,FT,GND,,,,identifier_in_text
216,216,UA 37,UFA,CHANGWON,BASE,500,FT,GND,,,,identifier_in_text
217,217,UA 38,UFA,ULJU,BASE,500,FT,,,,,identifier_in_text
218,218,UA 39,UFA,GIMJE,BASE,500,FT,,,,,identifier_in_text
219,219,UA 40,UFA,GORYEONG,BASE,500,FT,,,,,identifier_in_text
220,220,UA 41,UFA,DAEJEON,BASE,500,FT,,,,,identifier_in_text
221,221,UA 42,UFA,GWANGJU,BASE,100,FT,,,,,identifier_in_text
222,222,UA 43,UFA,YEONGWOL,BASE,100,FT,,,,,identifier_in_text
223,223,UA 44,UFA,GUMAK,BASE,1900,FT,,,,,identifier_in_text
224,224,UA 45,UFA,DANYANG,BASE,500,FT,,,,,identifier_in_text
225,225,UA 46,UFA,GYEONGGAKSAN,BASE,500,FT,,,,,identifier_in_text
226,226,UA 47,UFA,CHEONGYANG,BASE,100,FT,,,,,identifier_in_text
227,227,UA 48,UFA,BOEUN,BASE,100,FT,,,,,identifier_in_text
228,228,UA 49,UFA,BUYEO,BASE,100,FT,,,,,identifier_in_text
229,229,CHUNCHEON,ATZ,CHUNCHEON ATZ,BASE,1 500,FT,FLOOR,,D,ABOVE_LOWER,identifier_in_text
230,230,UA 51,UFA,GIMHAE2,BASE,100,FT,,,,,identifier_in_text
231,231,UA 52,UFA,MUNGYEONG,BASE,100,FT,,,,,identifier_in_text
232,232,UA 53,UFA,SACHEON,BASE,100,FT,,,,,identifier_in_text
233,233,UA 54,UFA,YEONGCHEON,BASE,100,FT,,,,,identifier_in_text
234,234,UA 55,UFA,JINJU,BASE,100,FT,,,,,identifier_in_text
235,235,JEONJU,ATZ,JEONJU ATZ,BASE,1 500,FT,FLOOR,,D,ABOVE_LOWER,identifier_in_text
236,236,UA 57,UFA,JINAN,BASE,100,FT,,,,,identifier_in_text
237,237,UA 58,UFA,ULJIN,BASE,100,FT,,,,,identifier_in_text
238,238,UA 59,UFA,GOSUNG,BASE,1500,FT,,,,,identifier_in_text
239,239,UA 60,UFA,YEONGWOL2,BASE,1500,FT,,,,,identifier_in_text
240,240,UA 61,UFA,BOEUN2,BASE,1000,FT,,,,,identifier_in_text
241,241,UA 62,UFA,INCHEON,BASE,1000,FT,,,,,identifier_in_text
242,242,UA 63,UFA,GIMCHEON,BASE,1000,FT,,,,,identifier_in_text
243,243,CATA 4B,CATA,CATA 4B GOCHANG,BASE,3500,FT,1000,FT,,,identifier_in_text
244,244,CATA 4A,CATA,CATA 4A GOCHANG,BASE,7000,FT,1000,FT,,,identifier_in_text
245,245,CATA 6,CATA,CATA 6 JEDONG,BASE,7000,FT,4000,FT,,,identifier_in_text
246,246,CATA 2,CATA,CATA 2 JEJU ISLAND,BASE,420,FL,6000,FT,,,identifier_in_text
247,247,CATA 3,CATA,CATA 3 JEJU ISLAND,BASE,7000,FT,GND,,,,identifier_in_text
248,248,CATA 7H,CATA,CATA 7H ULJIN,BASE,5000,FT,2500,FT,,,identifier_in_text
249,249,CATA 7L,CATA,CATA 7L ULJIN,BASE,2500,FT,GND,,,,identifier_in_text
250,250,CATA 1,CATA,CATA 1 ULLEUNG ISLAND,BASE,420,FL,8000,FT,,,identifier_in_text
251,251,CATA 5,CATA,CATA 5 YEONGGWANG,BASE,7000,FT,1000,FT,,,identifier_in_text
252,252,ACMI A,MOA,ACMI A,BASE,5000,FT,GND,,,,identifier_in_text
253,253,ACMI B,MOA,ACMI B,BASE,9000,FT,6000,FT,,,identifier_in_text
254,254,ACMI C,MOA,ACMI C,BASE,600,FL,10000,FT,,,identifier_in_text
255,255,ACMI D,MOA,ACMI D,BASE,600,FL,GND,,,,identifier_in_text
256,256,ACMI E,MOA,ACMI E,BASE,600,FL,10000,FT,,,identifier_in_text
257,257,HTA 1,MOA,HTA 1,BASE,1000,FT,GND,,,,identifier_in_text
258,258,HTA 2,MOA,HTA 2,BASE,1500,FT,GND,,,,identifier_in_text
259,259,MOA 1,MOA,MOA 1,BASE,400,FL,10000,FT,,,identifier_in_text
260,260,MOA 10,MOA,MOA 10,BASE,400,FL,10000,FT,,,identifier_in_text
261,261,MOA 11,MOA,MOA 11,BASE,400,FL,12000,FT,,,identifier_in_text
262,262,MOA 12E,MOA,MOA 12E,BASE,10000,FT,3000,FT,,,identifier_in_text
263,263,MOA 12E,MOA,MOA 12E,BASE,10000,FT,3000,FT,,,identifier_in_text
264,264,MOA 12W,MOA,MOA 12W,BASE,400,FL,11000,FT,,,identifier_in_text
265,265,MOA 12W,MOA,MOA 12W,BASE,400,FL,11000,FT,,,identifier_in_text
266,266,MOA 13E,MOA,MOA 13E,BASE,400,FL,10000,FT,,,identifier_in_text
267,267,MOA 13E,MOA,MOA 13E,BASE,400,FL,10000,FT,,,identifier_in_text
268,268,MOA 13W,MOA,MOA 13W,BASE,400,FL,11000,FT,,,identifier_in_text
269,269,MOA 13W,MOA,MOA 13W,BASE,400,FL,11000,FT,,,identifier_in_text
270,270,MOA 14,MOA,MOA 14,BASE,330,FL,10000,FT,,,identifier_in_text
271,271,MOA 15,MOA,MOA 15,BASE,400,FL,11000,FT,,,identifier_in_text
272,272,MOA 15A,MOA,MOA 15A,BASE,9000,FT,3000,FT,,,identifier_in_text
273,273,MOA 16,MOA,MOA 16,BASE,400,FL,5000,FT,,,identifier_in_text
274,274,MOA 17,MOA,MOA 17,BASE,500,FL,5000,FT,,,identifier_in_text
275,275,MOA 18,MOA,MOA 18,BASE,400,FL,5000,FT,,,identifier_in_text
276,276,MOA 19H,MOA,MOA 19H,BASE,400,FL,10000,FT,,,identifier_in_text
277,277,MOA 19L,MOA,MOA 19L,BASE,8000,FT,3000,FT,,,identifier_in_text
278,278,MOA 20,MOA,MOA 20,BASE,400,FL,10000,FT,,,identifier_in_text
279,279,MOA 21,MOA,MOA 21,BASE,400,FL,10000,FT,,,identifier_in_text
280,280,MOA 22,MOA,MOA 22,BASE,400,FL,5000,FT,,,identifier_in_text
281,281,MOA 23,MOA,MOA 23,BASE,400,FL,5000,FT,,,identifier_in_text
282,282,MOA 24,MOA,MOA 24,BASE,400,FL,10000,FT,,,identifier_in_text
283,283,MOA 25H,MOA,MOA 25H,BASE,400,FL,10000,FT,,,identifier_in_text
284,284,MOA 25H,MOA,MOA 25H,BASE,400,FL,10000,FT,,,identifier_in_text
285,285,MOA 25L,MOA,MOA 25L,BASE,9000,FT,3000,FT,,,identifier_in_text
286,286,MOA 26H,MOA,MOA 26H,BASE,400,FL,10000,FT,,,identifier_in_text
287,287,MOA 26L,MOA,MOA 26L,BASE,9000,FT,3000,FT,,,identifier_in_text
288,288,MOA 27A,MOA,MOA 27A,BASE,9000,FT,3000,FT,,,identifier_in_text
289,289,MOA 27N,MOA,MOA 27N,BASE,400,FL,11000,FT,,,identifier_in_text
290,290,MOA 27S,MOA,MOA 27S,BASE,400,FL,11000,FT,,,identifier_in_text
291,291,MOA 28,MOA,MOA 28,BASE,400,FL,200,FT,,,identifier_in_text
292,292,MOA 29,MOA,MOA 29,BASE,400,FL,3000,FT,,,identifier_in_text
293,293,MOA 2H,MOA,MOA 2H,BASE,400,FL,10000,FT,,,identifier_in_text
294,294,MOA 2L,MOA,MOA 2L,BASE,9000,FT,3000,FT,,,identifier_in_text
295,295,MOA 30H,MOA,MOA 30H,,400,FL,10000,FT,,,identifier_in_text
296,296,MOA 30L,MOA,MOA 30L,BASE,400,FL,10000,FT,,,identifier_in_text
297,297,MOA 31H,MOA,MOA 31H,BASE,400,FL,10000,FT,,,identifier_in_text
298,298,MOA 31L,MOA,MOA 31L,,9000,FT,2000,FT,,,identifier_in_text
299,299,MOA 32,MOA,MOA 32,BASE,400,FL,1000,FT,,,identifier_in_text
300,300,MOA 33,MOA,MOA 33,BASE,400,FL,1000,FT,,,identifier_in_text
301,301,MOA 34,MOA,MOA 34,BASE,4000,FT,500,FT,,,identifier_in_text
302,302,MOA 35,MOA,MOA 35,BASE,4000,FT,500,FT,,,identifier_in_text
303,303,MOA 36,MOA,MOA 36,BASE,4000,FT,500,FT,,,identifier_in_text
304,304,MOA 37,MOA,MOA 37,BASE,8000,FT,GND,,,,identifier_in_text
305,305,MOA 38,MOA,MOA 38,BASE,8000,FT,GND,,,,identifier_in_text
306,306,MOA 39,MOA,MOA 39,BASE,5000,FT,GND,,,,identifier_in_text
307,307,MOA 3A,MOA,MOA 3A,BASE,7000,FT,3000,FT,,,identifier_in_text
308,308,MOA 3H,MOA,MOA 3H,BASE,400,FL,10000,FT,,,identifier_in_text
309,309,MOA 3L,MOA,MOA 3L,BASE,9000,FT,3000,FT,,,identifier_in_text
310,310,MOA 4,MOA,MOA 4,BASE,9000,FT,3000,FT,,,identifier_in_text
311,311,MOA 40,MOA,MOA 40,BASE,5000,FT,GND,,,,identifier_in_text
312,312,MOA 41,MOA,MOA 41,BASE,5000,FT,GND,,,,identifier_in_text
313,313,MOA 5,MOA,MOA 5,BASE,400,FL,12000,FT,,,identifier_in_text
314,314,MOA 5,MOA,MOA 5,BASE,400,FL,12000,FT,,,identifier_in_text
315,315,MOA 6,MOA,MOA 6,BASE,400,FL,10000,FT,,,identifier_in_text
316,316,MOA 6,MOA,MOA 6,BASE,400,FL,10000,FT,,,identifier_in_text
317,317,MOA 7,MOA,MOA 7,BASE,400,FL,10000,FT,,,identifier_in_text
318,318,MOA 8,MOA,MOA 8,BASE,400,FL,11000,FT,,,identifier_in_text
319,319,MOA 8,MOA,MOA 8,BASE,400,FL,11000,FT,,,identifier_in_text
320,320,MOA 9E,MOA,MOA 9E,BASE,10000,FT,3000,FT,,,identifier_in_text
321,321,MOA 9E,MOA,MOA 9E,BASE,10000,FT,3000,FT,,,identifier_in_text
322,322,MOA 9W,MOA,MOA 9W,BASE,400,FL,11000,FT,,,identifier_in_text
323,323,MOA 9W,MOA,MOA 9W,BASE,400,FL,11000,FT,,,identifier_in_text
324,324,D1,D,RK D1 GORI,BASE,10000,FT,GND,,,,zone_code_exact
325,325,D13,D,RK D13 SEONGHWAN,BASE,3000,FT,GND,,,,zone_code_exact
326,326,D14,D,RK D14 JAECHEON,BASE,3000,FT,GND,,,,zone_code_exact
327,327,D15,D,RK D15 JEONUI,BASE,3000,FT,GND,,,,zone_code_exact
328,328,D16,D,RK D16 JANGDONG,BASE,2000,FT,GND,,,,zone_code_exact
329,329,D17,D,RK D17 IMSIL,BASE,3000,FT,GND,,,,zone_code_exact
330,330,D18,D,RK D18 HAKSAN,BASE,3000,FT,GND,,,,zone_code_exact
331,331,D19,D,RK D19 JUDEOK,BASE,1000,FT,GND,,,,zone_code_exact
332,332,D2,D,RK D2 WOLSEONG,BASE,10000,FT,GND,,,,zone_code_exact
333,333,D20,D,RK D20 GUUI,BASE,1600,FT,GND,,,,zone_code_exact
334,334,D21,D,RK D21 JAYANG,BASE,1700,FT,GND,,,,zone_code_exact
335,335,D22,D,RK D22 SAMSEONG,BASE,1800,FT,GND,,,,zone_code_exact
336,336,D23,D,RK D23 DOGOK,BASE,1900,FT,GND,,,,zone_code_exact
337,337,D24,D,RK D24 YEOKSAM,BASE,1700,FT,GND,,,,zone_code_exact
338,338,D25,D,RK D25 SEOCHO,BASE,1500,FT,GND,,,,zone_code_exact
339,339,D26,D,RK D26 SINDAEBANG,BASE,1600,FT,GND,,,,zone_code_exact
340,340,D27,D,RK D27 YEOUI,BASE,1900,FT,GND,,,,zone_code_exact
341,341,D28,D,RK D28 SINDORIM,BASE,1700,FT,GND,,,,zone_code_exact
342,342,D29,D,RK D29 MULLAE,BASE,1600,FT,GND,,,,zone_code_exact
343,343,D30,D,RK D30 MOKDONG,BASE,1900,FT,GND,,,,zone_code_exact
344,344,D31,D,RK D31 GUPO,BASE,1600,FT,GND,,,,zone_code_exact
345,345,D32,D,RK D32 DONGNAE,BASE,1600,FT,GND,,,,zone_code_exact
346,346,D33,D,RK D33 YEONJE,BASE,1500,FT,GND,,,,zone_code_exact
347,347,D34,D,RK D34 SUYEONG,BASE,1600,FT,GND,,,,zone_code_exact
348,348,D35,D,RK D35 SEOMYEON,BASE,2000,FT,GND,,,,zone_code_exact
349,349,D36,D,RK D36 HAEUNDAE,BASE,2000,FT,GND,,,,zone_code_exact
350,350,D37,D,RK D37 MOONTEN,BASE,1600,FT,GND,,,,zone_code_exact
351,351,D5,D,RK D5 WANJU,BASE,3000,FT,GND,,,,zone_code_exact
352,352,D6,D,RK D6 YEONGDONG,BASE,3000,FT,GND,,,,zone_code_exact
353,353,D7,D,RK D7 HANBIT,BASE,10000,FT,GND,,,,zone_code_exact
354,354,D8,D,RK D8 HANUL,BASE,8000,FT,GND,,,,identifier_in_text
355,355,D9,D,RK D9 YEONGCHEON,BASE,3000,FT,GND,,,,zone_code_exact
356,356,A18,A,RK A18 GANGNEUNG,BASE,150,FL,GND,,,,identifier_in_text
357,357,A19,A,RK A19 JUNGWON,BASE,150,FL,GND,,,,identifier_in_text
358,358,A19T,A,RK A19T JUNGWON TFR,BASE,2000,FT,800,FT,,,identifier_in_text
359,359,D27,D,RK D27 YEOUI,BASE,1900,FT,GND,,,,identifier_in_text
360,360,A20T,A,RK A20T SEOSAN TFR,BASE,2000,FT,700,FT,,,identifier_in_text
361,361,A8,A,RK A8 IEODO,BASE,140,FL,GND,,,,identifier_in_text
362,362,A810,A,RK A810 HANAM,BASE,1000,FT,GND,,,,identifier_in_text
363,363,A811,A,RK A811 BUCHEON,BASE,1000,FT,GND,,,,identifier_in_text
364,364,A9A,A,RK A9A IEODO,BASE,3000,FT,GND,,,,identifier_in_text
365,365,A9B,A,RK A9B IEODO,BASE,3000,FT,GND,,,,identifier_in_text
366,366,D34,D,RK D34 SUYEONG,BASE,1600,FT,GND,,,,identifier_in_text
367,367,,,,,,,,,,,unmatched
368,368,D9,D,RK D9 YEONGCHEON,BASE,3000,FT,GND,,,,identifier_in_text
369,369,D22,D,RK D22 SAMSEONG,BASE,1800,FT,GND,,,,identifier_in_text
370,370,,,,,,,,,,,unmatched
371,371,D2,D,RK D2 WOLSEONG,BASE,10000,FT,GND,,,,identifier_in_text
372,372,D2,D,RK D2 WOLSEONG,BASE,10000,FT,GND,,,,identifier_in_text
373,373,D27,D,RK D27 YEOUI,BASE,1900,FT,GND,,,,identifier_in_text
374,374,D5,D,RK D5 WANJU,BASE,3000,FT,GND,,,,identifier_in_text
375,375,D21,D,RK D21 JAYANG,BASE,1700,FT,GND,,,,identifier_in_text
376,376,D9,D,RK D9 YEONGCHEON,BASE,3000,FT,GND,,,,identifier_in_text
